,url,date,content,id,username,outlinks,outlinksss,tcooutlinks,tcooutlinksss
0,https://twitter.com/Corinna11174969/status/1529709567193513984,2022-05-26 06:22:36+00:00,"🍀2021年12月iHerb最新コード🍀
⏩DJY9122⏪入力でアイハーブ割引が適用されます。

上記コードで【誰でも５％割引】
初回利用なら【５ドル割引】

更にiHarbセールやプロモーションでお得に☆

コロナ対策、高濃度ビタミンC、免疫力サプリやコスメ、プロテイン購入等全商品おすすめ✌2833hHw",1529709567193513984,Corinna11174969,[],,[],
1,https://twitter.com/colonakouisho/status/1529709560679628800,2022-05-26 06:22:34+00:00,"@xebB8ntaH16Z1rp ガンダムですか！

いいでね☺️",1529709560679628800,colonakouisho,[],,[],
2,https://twitter.com/Mii73173348/status/1529709557554946048,2022-05-26 06:22:33+00:00,"@chimuko_15 @Te7Eg 園の都合（行事の前後とかコロナ感染状況）によっては直近で見学行けないこともあるみたいです〜😅
ただ私の場合四月に予約電話したので、どこの園も園児が落ち着く5月にしてくださいって感じでタイミング悪かったのもあるかも…😇",1529709557554946048,Mii73173348,[],,[],
3,https://twitter.com/Slush_2g/status/1529709554908352512,2022-05-26 06:22:33+00:00,@Ruke26 コロナだって！？大丈夫かあああああ！？,1529709554908352512,Slush_2g,[],,[],
4,https://twitter.com/F1nSi9/status/1529709553176047616,2022-05-26 06:22:32+00:00,"㉓今は、本当に生活保護をやめていきたい。

２０２０年の時にこんな事ならやめたいと言った言葉とは違う。

本当にやめていきたい。

コロナ禍で厳しいかもしれないが。
なんならもしかしたらコロナ禍で生保受給者が増えたのかもしれないが。

やめていきたいと思う。

#生活保護
#静岡市",1529709553176047616,F1nSi9,[],,[],
5,https://twitter.com/tube039105/status/1529709543357575169,2022-05-26 06:22:30+00:00,"速報　北海道の新たな感染1950人、前週－861人…死亡３人、札幌958人、石狩152人、十勝151人、旭川141人など減少加速（HBCニュース） 

#北海道
#札幌市
#小樽
#旭川
#函館
#札幌Twitter会
#コロナ
#感染者数
#感染拡大

https://t.co/uetPrxIQBR",1529709543357575169,tube039105,['https://news.yahoo.co.jp/articles/4c3a78f96895ce1858a1e7f482d2c60aeb80eb54'],https://news.yahoo.co.jp/articles/4c3a78f96895ce1858a1e7f482d2c60aeb80eb54,['https://t.co/uetPrxIQBR'],https://t.co/uetPrxIQBR
6,https://twitter.com/ISTHAT654/status/1529709538047234048,2022-05-26 06:22:29+00:00,@20210718M @amanda_ceria_13 @seigi15 @RaTa_ECK @201_choco 護憲なら共産党もいますよね,1529709538047234048,ISTHAT654,[],,[],
7,https://twitter.com/2t0w1i0t0t1e2r1/status/1529709524944228352,2022-05-26 06:22:26+00:00,"罰ランだったって？
然もコロナレッテル迄貼られて
検死の阻止か？
酷い話だな https://t.co/pcODxyVtYD",1529709524944228352,2t0w1i0t0t1e2r1,['https://twitter.com/YahooNewsTopics/status/1529694317614227456'],https://twitter.com/YahooNewsTopics/status/1529694317614227456,['https://t.co/pcODxyVtYD'],https://t.co/pcODxyVtYD
8,https://twitter.com/onigiri7793/status/1529709524231553024,2022-05-26 06:22:25+00:00,"@Naomifuwari そんなんやったら、私USJずっと年パスで来てるけど
ショーとか観たのはコロナになってから😆ある意味ほんとに好きになったのはここ最近だったりもする💕あ、街中ねっ✨",1529709524231553024,onigiri7793,[],,[],
9,https://twitter.com/QuickToshi/status/1529709519294853125,2022-05-26 06:22:24+00:00,"@c9cLMWVkbQ7Np2H @NANAR123456 @piyopiyorin55 @politicsmam デマです。シェディングとは細胞の「脱落」とか小胞の「エクソサイトーシス」の事で分泌一般で使われワクチンと関係ありません。訳語は間違い。

伝播するのはウイルスです。",1529709519294853125,QuickToshi,[],,[],
10,https://twitter.com/bitstart21/status/1529709496062185472,2022-05-26 06:22:19+00:00,"@supi_pon777 出さない出さないｗｗｗｗ

コロナめぇぇぇぇ←ぇぇぇ",1529709496062185472,bitstart21,[],,[],
11,https://twitter.com/5yXWB777MAcZnE5/status/1529709495471190016,2022-05-26 06:22:19+00:00,"30代コロワク２回済み後にコロナ感染で今日３回目ワク…いりゃんよ
70代女性コロワク３回目済み後にふらつき…もう4回目はいりゃん
皆んなもういりゃんよ…
#ワクチン
#マスク
#mRNAワクチン 
#自分で調べて欲しい
#いりゃん",1529709495471190016,5yXWB777MAcZnE5,[],,[],
12,https://twitter.com/noo0312/status/1529709495081127936,2022-05-26 06:22:18+00:00,"@nonharumitsu クオリティ低すぎだからキャラ弁と呼べるか🤣🤣

過去の写真見返したら
ウルトラマン、マイクラ、おしり探偵、まっくろくろすけ、なんかの戦隊モノしか作ってなかった🤣
コロナで遠足無くなりすぎてお弁当過去5回だけ🤣",1529709495081127936,noo0312,[],,[],
13,https://twitter.com/kmQ0Zfj9SVFwHia/status/1529709491524358144,2022-05-26 06:22:18+00:00,"・人口の年齢階層説
・隠れコロナ死設
・フレイル等の感染対策の副作用説
・ワクチンによる不測の影響説

私はどれも否定しないし
検証する方法はあると思うし
検証する必要もあると思う。

何より、くまなく検証する事で国家と国民の信頼の構築に繋がるので、どんな些細な事でも忌憚なく検証すべき。",1529709491524358144,kmQ0Zfj9SVFwHia,[],,[],
14,https://twitter.com/rizorepo/status/1529709488307343361,2022-05-26 06:22:17+00:00,"チャペルでフォトウェディングはいかがですか？？
ainowaフォトには沢山のチャペルのフォトプランを掲載しています💜

チャペルからの景色は圧巻！
青い海と青い空が美しいです💙
コロナで結婚式を挙げられなかったお二人にもオススメです☺️
https://t.co/wdBrYv5mmY https://t.co/6id5JODQno",1529709488307343361,rizorepo,['https://ainowaphotowedding.com/plans?tag=%E3%83%81%E3%83%A3%E3%83%9A%E3%83%AB%E3%83%95%E3%82%A9%E3%83%88'],https://ainowaphotowedding.com/plans?tag=%E3%83%81%E3%83%A3%E3%83%9A%E3%83%AB%E3%83%95%E3%82%A9%E3%83%88,['https://t.co/wdBrYv5mmY'],https://t.co/wdBrYv5mmY
15,https://twitter.com/0308__0501/status/1529709484196888576,2022-05-26 06:22:16+00:00,もし制作開放当たったら誰と行こう…娘はまだ５歳でコロナワクチンまだだし特効とか立ちっぱなしも辛いだろうしな…,1529709484196888576,0308__0501,[],,[],
16,https://twitter.com/Tenkousei522/status/1529709470632517633,2022-05-26 06:22:13+00:00,コロナ陽性でくさ,1529709470632517633,Tenkousei522,[],,[],
17,https://twitter.com/snail_ajisai/status/1529709465594781697,2022-05-26 06:22:11+00:00,幼稚園から帰宅して息子と一緒に手洗いした後、誰もいないのにソープディスペンサーが反応して洗面台があわあわに。誰かいるの…？誰か一緒に帰ってきちゃった…？そして手洗いした…？コロナ禍の幽霊は手洗いを怠らないのね、すごいや,1529709465594781697,snail_ajisai,[],,[],
18,https://twitter.com/Corinna11174969/status/1529709462130409473,2022-05-26 06:22:11+00:00,"🍀2021年12月iHerb最新コード🍀
⏩DJY9122⏪入力でアイハーブ割引が適用されます。

上記コードで【誰でも５％割引】
初回利用なら【５ドル割引】

更にiHarbセールやプロモーションでお得に☆

コロナ対策、高濃度ビタミンC、免疫力サプリやコスメ、プロテイン購入等全商品おすすめ✌0KFv",1529709462130409473,Corinna11174969,[],,[],
19,https://twitter.com/BB45_Colorado/status/1529709460372918272,2022-05-26 06:22:10+00:00,"@forthman 副反応は、案の定激発してしまいましたし、重症者、死者は無いことにされている。

それどころか頭のおかしい連中にリンチされる。

そして結局苦しい思いをして打ったのにο株には感染回避効果無し。

そのうえ3回打つのが標準だとか4回だとか言い始めては、もう信用しないでしょう。",1529709460372918272,BB45_Colorado,[],,[],
20,https://twitter.com/karadaboroboro/status/1529709444174475264,2022-05-26 06:22:06+00:00,"連日誤送金の事ばかり放送して平和だわ。消えたコロナ予備費の11兆円は全国民に関係してるのに。
そっちを詰めてくださいよ。誤送金より11兆円が気になるわ",1529709444174475264,karadaboroboro,[],,[],
21,https://twitter.com/SOSzaikonews/status/1529709435018682368,2022-05-26 06:22:04+00:00,"【1000円ポッキリ】紅いもカリカリ60g×2袋&amp;涙そ〜そ〜×1袋お試しセット訳アリではありません　送料無料 コロナ 応援 在庫処分 訳あり わけあり 食品 食品ロス　沖縄　お土産 フードロス　お
美らさんぴん OKINAWA MART

＼✨楽天 スイーツ・お菓子 訳あり品✨／(15:22)
https://t.co/MOPDGmLCod",1529709435018682368,SOSzaikonews,['https://hb.afl.rakuten.co.jp/hgc/g00tgt77.fzgloe99.g00tgt77.fzglpf27/_RTLink3663?pc=https%3A%2F%2Fitem.rakuten.co.jp%2Fchura-okinawa%2Fcompass1593065609%2F&m=http%3A%2F%2Fm.rakuten.co.jp%2Fchura-okinawa%2Fi%2F10000212%2F'],https://hb.afl.rakuten.co.jp/hgc/g00tgt77.fzgloe99.g00tgt77.fzglpf27/_RTLink3663?pc=https%3A%2F%2Fitem.rakuten.co.jp%2Fchura-okinawa%2Fcompass1593065609%2F&m=http%3A%2F%2Fm.rakuten.co.jp%2Fchura-okinawa%2Fi%2F10000212%2F,['https://t.co/MOPDGmLCod'],https://t.co/MOPDGmLCod
22,https://twitter.com/goodday_odawara/status/1529709434032640000,2022-05-26 06:22:04+00:00,"【今日のGOODDAY! メッセージテーマ】
コロナ禍で一人で旅行や食事を楽しむソロ活が増えているそう。
あなたは「ソロ活派」？それとも「誰か一緒がいい派」？
私はソロ活派♪美咲子
☆サイマルラジオ→ https://t.co/YWGOhlNZX5
☆番組へのメッセージ→ https://t.co/8A2q4ivc0o　
#fmodawara",1529709434032640000,goodday_odawara,"['http://goo.gl/FqWmmd', 'http://goo.gl/LvhQGV']",http://goo.gl/FqWmmd http://goo.gl/LvhQGV,"['https://t.co/YWGOhlNZX5', 'https://t.co/8A2q4ivc0o']",https://t.co/YWGOhlNZX5 https://t.co/8A2q4ivc0o
23,https://twitter.com/HimaTubeNews0/status/1529709430639431683,2022-05-26 06:22:03+00:00,新型コロナ　兵庫で新たに1336人感染　1週間前から減少 https://t.co/qlaD4ckDRK | 神戸新聞 #神戸新聞,1529709430639431683,HimaTubeNews0,['http://dlvr.it/SR4kxt'],http://dlvr.it/SR4kxt,['https://t.co/qlaD4ckDRK'],https://t.co/qlaD4ckDRK
24,https://twitter.com/Denshisyosekiad/status/1529709426168369152,2022-05-26 06:22:02+00:00,保健所の「コロナ戦記」　ＴＯＫＹＯ２０２０‐２０２１ 新型コロナ対策の第一線で指揮を執り続けた医師がいた。本書は書く方の活字中毒でもあるその公衆衛生医が、未曾有の事態の中で経験したことを後世に伝えるためにつぶさに記録したもの https://t.co/PnUO0lQ7Hs,1529709426168369152,Denshisyosekiad,['https://amzn.to/3z3uh9g'],https://amzn.to/3z3uh9g,['https://t.co/PnUO0lQ7Hs'],https://t.co/PnUO0lQ7Hs
25,https://twitter.com/0525_xyz/status/1529709425468280832,2022-05-26 06:22:02+00:00,"コロナ前はライブ前には必ずリーダー宛にお手紙は欠かさずもちろん誕生日近くのライブにはプレゼントも用意しました。
これこそまさに
神様、仏様、TAKURO様

なのです。

いつか返事が来てくれる事祈るよ。",1529709425468280832,0525_xyz,[],,[],
26,https://twitter.com/vpoS6NO7xKdJgu3/status/1529709422033125376,2022-05-26 06:22:01+00:00,"水戸市と合わせて482人。

新型コロナ　茨城県が新規感染者385人確認(茨城新聞クロスアイ)
#Yahooニュース
https://t.co/8O9BV70JNX",1529709422033125376,vpoS6NO7xKdJgu3,['https://news.yahoo.co.jp/articles/38580b98c5e8e6b9ee6b0f251a39b8802fe44169'],https://news.yahoo.co.jp/articles/38580b98c5e8e6b9ee6b0f251a39b8802fe44169,['https://t.co/8O9BV70JNX'],https://t.co/8O9BV70JNX
27,https://twitter.com/Last_Nanamek/status/1529709417054470144,2022-05-26 06:22:00+00:00,@Fuck_love_x コロナ多いから気を付けてね,1529709417054470144,Last_Nanamek,[],,[],
28,https://twitter.com/newscollect_jp/status/1529709416500449280,2022-05-26 06:22:00+00:00,"【静岡・新型コロナ】新規感染782人 死者1人　クラスター2件 | テレビ静岡

26日、静岡県内では新たに782人の新型コロナ新規感染者が確認されました。先週木曜日の1110人に比...
https://t.co/y0lubB1cJy",1529709416500449280,newscollect_jp,['https://newscollect.jp/article/?id=902441028937334784'],https://newscollect.jp/article/?id=902441028937334784,['https://t.co/y0lubB1cJy'],https://t.co/y0lubB1cJy
29,https://twitter.com/Aa123451ZZ/status/1529709412029440000,2022-05-26 06:21:59+00:00,【速報】新型コロナ　新たに166人感染確認　1週前より41人減　6日連続の減少　富山(富山テレビ) https://t.co/inmJ7uv6sH,1529709412029440000,Aa123451ZZ,['https://news-a.cashback5review.com/?p=402798'],https://news-a.cashback5review.com/?p=402798,['https://t.co/inmJ7uv6sH'],https://t.co/inmJ7uv6sH
30,https://twitter.com/M08080608/status/1529709410653982721,2022-05-26 06:21:58+00:00,お局がコロナになって会社の人から個人的に見舞金って形で何十万てお金もらってた。重症化でもないのにそれありなん？給料も出てて？コロナなりたー。,1529709410653982721,M08080608,[],,[],
31,https://twitter.com/Aa123451ZZ/status/1529709409655574528,2022-05-26 06:21:58+00:00,【速報】岩手県　２人死亡　２２６人感染確認　新型コロナ（５月２６日発表）(岩手めんこいテレビ) https://t.co/ZJNiWR56Kh,1529709409655574528,Aa123451ZZ,['https://news-a.cashback5review.com/?p=402799'],https://news-a.cashback5review.com/?p=402799,['https://t.co/ZJNiWR56Kh'],https://t.co/ZJNiWR56Kh
32,https://twitter.com/Aa123451ZZ/status/1529709408510517249,2022-05-26 06:21:58+00:00,【静岡・新型コロナ】新規感染782人 死者1人　クラスター2件(テレビ静岡NEWS) https://t.co/cE0gH58WIF,1529709408510517249,Aa123451ZZ,['https://news-a.cashback5review.com/?p=402797'],https://news-a.cashback5review.com/?p=402797,['https://t.co/cE0gH58WIF'],https://t.co/cE0gH58WIF
33,https://twitter.com/Aa123451ZZ/status/1529709405050220544,2022-05-26 06:21:57+00:00,【速報】兵庫で新たに1336人感染　北播磨の高齢者施設クラスターが拡大　新型コロナ(ラジトピ　ラジオ関西トピックス) https://t.co/jILjiQoNKA,1529709405050220544,Aa123451ZZ,['https://news-a.cashback5review.com/?p=402794'],https://news-a.cashback5review.com/?p=402794,['https://t.co/jILjiQoNKA'],https://t.co/jILjiQoNKA
34,https://twitter.com/angelballet10/status/1529709404731637763,2022-05-26 06:21:57+00:00,中国経済が５月も低迷、底入れの兆し見えず－「ゼロコロナ」足かせ https://t.co/p24HrHLap7 @businessより,1529709404731637763,angelballet10,['https://www.bloomberg.co.jp/news/articles/2022-05-26/RCGUKIDWLU6B01?utm_medium=social&utm_campaign=socialflow-organic&utm_source=twitter&utm_content=japan&cmpid%3D=socialflow-twitter-japan'],https://www.bloomberg.co.jp/news/articles/2022-05-26/RCGUKIDWLU6B01?utm_medium=social&utm_campaign=socialflow-organic&utm_source=twitter&utm_content=japan&cmpid%3D=socialflow-twitter-japan,['https://t.co/p24HrHLap7'],https://t.co/p24HrHLap7
35,https://twitter.com/TakinoPark/status/1529709404157001728,2022-05-26 06:21:57+00:00,"１時間近く走って突然倒れた。
30分ほど経ってから車で病院へ。
詳しい死因は公表されず。
コロナに感染していることが病院で判明した。

今となってはわかりようもないが、本人はコロナの自覚症状があったのだろうか？ https://t.co/ZUrDR54bIL",1529709404157001728,TakinoPark,['https://twitter.com/tv_asahi_news/status/1529666875042328577'],https://twitter.com/tv_asahi_news/status/1529666875042328577,['https://t.co/ZUrDR54bIL'],https://t.co/ZUrDR54bIL
36,https://twitter.com/ngs_ken_iryou/status/1529709393918689280,2022-05-26 06:21:54+00:00,"昨日5月25日（水）コロナ陽性者確認

長崎市 96件,佐世保市 100件,
島原市 4,諫早市 43,大村市 61,平戸市 1,壱岐市 1,五島市 4,西海市 10,雲仙市 11,南島原市15,長与町 11,時津町 6,東彼杵町 3,川棚町5,波佐見町9,佐々町 5件

合計385件

#長崎県 #コロナ #感染 #状況",1529709393918689280,ngs_ken_iryou,[],,[],
37,https://twitter.com/junk_came/status/1529709389594370048,2022-05-26 06:21:53+00:00,"どうやらお隣さんが受け取ってしまったようです。先ほど持って来られたみたいです。よかったよかった。😂
気になったのはコロナの関係でサインはドライバーが代わりにするようになったそうで、全くサインの意味がない😤証拠にもならないので誤配は怖いですね。😈🐢
#誤配",1529709389594370048,junk_came,[],,[],
38,https://twitter.com/SueoIkeda/status/1529709383721943040,2022-05-26 06:21:52+00:00,"ヒエッ・・いつまでこんな前時代的なことやっとんねん

監督 救急車呼ばず…大学4年の野球部員ランニング中倒れ 翌日死亡　病院で新型コロナ感染が判明(CBCテレビ)
#Yahooニュース
https://t.co/VpjNJlBuAF",1529709383721943040,SueoIkeda,['https://news.yahoo.co.jp/articles/6ccb2bd8d7b4b93012bad6581992bccba3ae77ec'],https://news.yahoo.co.jp/articles/6ccb2bd8d7b4b93012bad6581992bccba3ae77ec,['https://t.co/VpjNJlBuAF'],https://t.co/VpjNJlBuAF
39,https://twitter.com/oabnews_5ch/status/1529709379796488192,2022-05-26 06:21:51+00:00,"【新型コロナ 続報⑥】
きょう時点の療養者数は以下の通り。
▼重症者 1人（±0）
▼入院者 80人（-4）
▼宿泊療養 336人（+6）
▼自宅療養 1987人（-18）
※退院・療養解除 50019人（+400）",1529709379796488192,oabnews_5ch,[],,[],
40,https://twitter.com/jESj6CKLGmEqCx6/status/1529709375656722433,2022-05-26 06:21:50+00:00,"コロナウイルスのまとめ
　
簡単にまとめると
人間の体には
DNAとゆう遺伝子がある
それが普通一般ノヒトの体に働いてる
根本的な機能
しかしコロナウィルスは血栓症と言って
人間の体(血の流れ)を壊すのがコロナウィルス
またはワクチン
とゆうのは何故か
mRNA遺伝子とゆう
全く違う遺伝子を接種する",1529709375656722433,jESj6CKLGmEqCx6,[],,[],
41,https://twitter.com/triangle24/status/1529709371244302336,2022-05-26 06:21:49+00:00,"&gt;大学によりますと、5月14日、硬式野球部の練習グラウンドで、コーチがおよそ30人の部員にランニングを命じ、1時間近く走ったころ、4年生の22歳の男子部員が転倒しました

ランニングを命じ、1時間‥。これはよくある懲罰的なものなのでしょうか‥。本当にいたたまれない‥
https://t.co/CuBaeTyjFS",1529709371244302336,triangle24,['https://news.yahoo.co.jp/articles/6ccb2bd8d7b4b93012bad6581992bccba3ae77ec'],https://news.yahoo.co.jp/articles/6ccb2bd8d7b4b93012bad6581992bccba3ae77ec,['https://t.co/CuBaeTyjFS'],https://t.co/CuBaeTyjFS
42,https://twitter.com/endlessalmada/status/1529709362201362432,2022-05-26 06:21:47+00:00,"#太廊が語ろう　になってて好き
(  ◜ ࿀ ◝  )

#midfm761 #ffr761 #太廊",1529709362201362432,endlessalmada,[],,[],
43,https://twitter.com/Corinna11174969/status/1529709359101624320,2022-05-26 06:21:46+00:00,"🍀2021年12月iHerb最新コード🍀
⏩DJY9122⏪入力でアイハーブ割引が適用されます。

上記コードで【誰でも５％割引】
初回利用なら【５ドル割引】

更にiHarbセールやプロモーションでお得に☆

コロナ対策、高濃度ビタミンC、免疫力サプリやコスメ、プロテイン購入等全商品おすすめ✌zu6kt5d",1529709359101624320,Corinna11174969,[],,[],
44,https://twitter.com/susanou83/status/1529709359021756416,2022-05-26 06:21:46+00:00,"○写真1枚目
・結果発表〜

○写真2枚目
・コロナ患者の多い国

○写真3枚目
・対ロシア制裁を実施した国

○写真4枚目
・天然痘が発生した国

●結果：見事に完全一致です。 https://t.co/eGL7Gkjivu",1529709359021756416,susanou83,[],,[],
45,https://twitter.com/chitendo/status/1529709358405148673,2022-05-26 06:21:46+00:00,"@1971tenkaippin そもそも店員さんも
暑い厨房でマスクしたら熱中症になるのでは？

はい、ちゃんと忠告しましたよ。
だからマスクでもし何かあっても
「想定外だったから免罪」にはならんよ？",1529709358405148673,chitendo,[],,[],
46,https://twitter.com/kyo_ju_/status/1529709355548803072,2022-05-26 06:21:45+00:00,"@staki いやまず面を割るのがほぼ無理な訳でなｗ
それにしても、前職降りた辺りから加速度的に人と話さなくなってるので（コロナでもっと加速したが）会話中枢？が死んでも不思議はない罠とは。前職時代も別に話が上手にもならなかったけどなｗ",1529709355548803072,kyo_ju_,[],,[],
47,https://twitter.com/npo_nekohappy/status/1529709352827121664,2022-05-26 06:21:44+00:00,"本日の営業時間は終了いたしました。
明日は１１：００から１５：００まで営業いたします。
人に感染した新型コロナウイルスが猫に影響する可能性が否定できないため風邪などの症状がある方、体調が心配な方はご無理をなさらないようお願い申し上げます。 https://t.co/mttxk5kfJP",1529709352827121664,npo_nekohappy,[],,[],
48,https://twitter.com/showmakamura/status/1529709349341642752,2022-05-26 06:21:44+00:00,"6/19ワンマンライブやります♫
場所は新高円寺StaxFredにて。
コロナ禍で集まってしまった？機材達を組み組みライブします。
1人だけど1人じゃない。
みたいなサウンドになるのではないかと。
色々と試しながらワクワクしております(^^)
皆様予定空けておいて下さいませ〜。 https://t.co/7919IY9Z3H",1529709349341642752,showmakamura,[],,[],
49,https://twitter.com/3goooooyu/status/1529709348317827072,2022-05-26 06:21:43+00:00,入院した時みたいな感じなのでコロナでは無いな・・・・,1529709348317827072,3goooooyu,[],,[],
50,https://twitter.com/xxnta_xx/status/1529709340843974656,2022-05-26 06:21:42+00:00,"娘まだ熱下がらず ᵕ ᵕ̩̩
再診行ってコロナ検査2回目して陰性、
採血して、炎症値0.6で白血球正常、その他問題なしだった！
追加で抗生剤と座薬もらった〜
このムチムチおててに採血…頑張ったね…！
てか先生、よう血管見えたな…尊敬する… https://t.co/4Td8IsoHTP",1529709340843974656,xxnta_xx,[],,[],
51,https://twitter.com/Bh4LtGK51p9H2B7/status/1529709337425240064,2022-05-26 06:21:41+00:00,"@mobile_net_blog コロナの次にサル痘が流行るらしいです😱
既にワクチンが準備されているとか😱
怪談より恐ろしいですね😅",1529709337425240064,Bh4LtGK51p9H2B7,[],,[],
52,https://twitter.com/mh878mhworldone/status/1529709334959366144,2022-05-26 06:21:40+00:00,"昨日は⛳️コンペ…散々でした。⛳️後はコロナ禍前の様な感じ…仲の良い四人で🍻🍾🍶。。AM1時半まで。
呑んでる時思いました。歓楽街より、近くにレンが寝そべってる自宅で呑むのが僕には性に合ってます。今日は朝から滋賀長浜、朝のやさぐれた顔のレン…昨日も今日も留守番でゴメン。 https://t.co/HwJJ8Qqv75",1529709334959366144,mh878mhworldone,[],,[],
53,https://twitter.com/sd_y_yd/status/1529709332736069632,2022-05-26 06:21:40+00:00,"2回接種した人はやっぱりそのまま3回目も当たり前か🤣その中で4回目は対象外の人多いと思うんだけどどうするんだろ😳

""ワクチンで1700人も死んでる""と言っても""コロナで死んでる人のが多い""と返したりしてくるけど、本当に何も知らないんだなあと思っちゃう🤣それに絶対1700人どころじゃない😳💦 https://t.co/uaiyy3DeMj",1529709332736069632,sd_y_yd,['https://twitter.com/eichi06017297/status/1529620540532858881'],https://twitter.com/eichi06017297/status/1529620540532858881,['https://t.co/uaiyy3DeMj'],https://t.co/uaiyy3DeMj
54,https://twitter.com/tomakocchan/status/1529709327514148864,2022-05-26 06:21:38+00:00,体調悪くて病院来てんのに予防接種だコロナ対策だで断られまくって死んでる。松田内科クリニックの受付のババアには鼻で笑われてお大事にしてくださぁーい🥺とか言われるし、はあ、もうどうしろと。発熱してないんだから見てくれよマジしんどい。,1529709327514148864,tomakocchan,[],,[],
55,https://twitter.com/francescodamil6/status/1529709325652209664,2022-05-26 06:21:38+00:00,和むというご評価を頂いたのでもう1枚。明け方に戻ってきたので今日は眠い。 https://t.co/trQ11ImKvW,1529709325652209664,francescodamil6,[],,[],
56,https://twitter.com/yamaken1214/status/1529709324238393344,2022-05-26 06:21:38+00:00,自分は書置きの御朱印は帳面に貼りたくない人なんでこー言うのがあれば助かりますね。 https://t.co/hamEXj3ypD,1529709324238393344,yamaken1214,['https://twitter.com/taniguchi_s_y_d/status/1528988516797104128'],https://twitter.com/taniguchi_s_y_d/status/1528988516797104128,['https://t.co/hamEXj3ypD'],https://t.co/hamEXj3ypD
57,https://twitter.com/donekochan/status/1529709323353731072,2022-05-26 06:21:37+00:00,"@1015x777 コスメがいいからかな？
うちはコロナ3回目打ちにいったら、血圧が3回続きで測定不能になり4回目195という見たことない数値が出たからベットで10分間横にされたw

なんとか160切って150になったから打てたが笑",1529709323353731072,donekochan,[],,[],
58,https://twitter.com/tapioka_pi_/status/1529709307159138304,2022-05-26 06:21:34+00:00,人の有休をコロナ休業扱いにすな。そういうところやぞ。,1529709307159138304,tapioka_pi_,[],,[],
59,https://twitter.com/hassann24/status/1529709306836557824,2022-05-26 06:21:34+00:00,「分科会」が出した、死者数が激増する2022年の、冷静に見る限度を超えたコロナ予想https://t.co/dGF1pliVkX https://t.co/MNzedPyf5z,1529709306836557824,hassann24,['https://www.rui.jp/ruinet.html?i=200&c=400&m=370642&g=220122'],https://www.rui.jp/ruinet.html?i=200&c=400&m=370642&g=220122,['https://t.co/dGF1pliVkX'],https://t.co/dGF1pliVkX
60,https://twitter.com/mai3mum/status/1529709301882757120,2022-05-26 06:21:32+00:00,"上海ロックダウン、コロナ対策のデジタル化がすごい
 
個人情報と連携している携帯内アプリで
・過去１４日間の訪問エリアを管理
・核酸検査・PCR検査の管理
・自己核酸結果の提出・履歴管理
 
以前も健康コードが常に求められたけど、今は居住エリアからの入退室管理もリアルタイムでされている感じ",1529709301882757120,mai3mum,[],,[],
61,https://twitter.com/snnm_mm/status/1529709292601110529,2022-05-26 06:21:30+00:00,"@foundling_Zauru あめくんへ
わたしのばぁばはワクチン3回打ってコロナかかってたよ
現在コロナなうのももちゃんより",1529709292601110529,snnm_mm,[],,[],
62,https://twitter.com/oldisland1211/status/1529709291917103104,2022-05-26 06:21:30+00:00,"コロナ禍になってからというもの、本土の方が沖縄より沖縄イベントが充実してるね。沖縄は感染抑える気がないからいつまでもイベントができない。はぁー、今年もエイサーできんかったら、ワジーンドー◆サンシャインシティで「沖縄めんそーれフェスタ」　物産展やビアガーデン
https://t.co/HSBQIVunqv",1529709291917103104,oldisland1211,['https://news.yahoo.co.jp/articles/852eac10463197ec4909ce0967727dc230ef672a'],https://news.yahoo.co.jp/articles/852eac10463197ec4909ce0967727dc230ef672a,['https://t.co/HSBQIVunqv'],https://t.co/HSBQIVunqv
63,https://twitter.com/Inukuma_ryou/status/1529709288020529152,2022-05-26 06:21:29+00:00,"PT組んでる人おるけど
私、無理っす、聞けないっす",1529709288020529152,Inukuma_ryou,[],,[],
64,https://twitter.com/SBSNEWSWeb/status/1529709282559766528,2022-05-26 06:21:28+00:00,【速報 新型コロナ】県内782人感染 クラスター2件 死者1人（静岡県） https://t.co/U4Ax9GWHN2,1529709282559766528,SBSNEWSWeb,['https://newsdig.tbs.co.jp/articles/sbs/54977'],https://newsdig.tbs.co.jp/articles/sbs/54977,['https://t.co/U4Ax9GWHN2'],https://t.co/U4Ax9GWHN2
65,https://twitter.com/umakogame/status/1529709281658155008,2022-05-26 06:21:28+00:00,"毎年府中にダービーとジャパンカップを観に行くのが決まりだったのにコロナのせいで全部なくなった。
はやく落ち着いてほしい。",1529709281658155008,umakogame,[],,[],
66,https://twitter.com/kaya22421425/status/1529709268173455360,2022-05-26 06:21:24+00:00,"@ssj_kureha くれたんᐕ)ﾉ
3回目かなりしんどかったーーー
くれたんも一緒?!😭もぉ打つの怖いよぉ
末っ子骨折で送迎しなきゃよ〜
しかも今日お熱出たーって📞来てお迎えよ😫コロナ陰性でホッとしたけど☺️
明日はゆっくり極主夫みて爆笑しよっ🤣❤️",1529709268173455360,kaya22421425,[],,[],
67,https://twitter.com/MiriNyanha826/status/1529709267531759616,2022-05-26 06:21:24+00:00,@ketyappubaka 心配せんでも吸収して体内で綺麗にして、浄化されたコロナをケーラに譲渡して耐性だけをあげる仕組みとなっております(✌*ﾟ∀ﾟ)✌,1529709267531759616,MiriNyanha826,[],,[],
68,https://twitter.com/mitcho_flair/status/1529709254705582080,2022-05-26 06:21:21+00:00,コロナ禍も終息にむかってる？気がするので、フレア界が盛り上がるようないい大会がどんどん開催されてくといいな^ ^,1529709254705582080,mitcho_flair,[],,[],
69,https://twitter.com/__3350/status/1529709244236189696,2022-05-26 06:21:19+00:00,予予もうちょっと世間に自分の言葉で発信できる場所があると良いのにな、コロナ回復の時とかファンでなくても気にかけてくれる人いるし、って思ってたけどちょっとずつ進んでいるようで嬉しい,1529709244236189696,__3350,[],,[],
70,https://twitter.com/14repiyo/status/1529709243825152000,2022-05-26 06:21:19+00:00,@ANNINshan @kanagawachikyu 我らコロナ三銃士！,1529709243825152000,14repiyo,[],,[],
71,https://twitter.com/ksawatan/status/1529709240020967424,2022-05-26 06:21:18+00:00,"「子どもたちにワクチンを接種させることは犯罪」～エイズウイルスを発見したモンタニエ博士が、コロナワクチンの危険性を主張

「ワクチン接種によって変異種が生まれている」
「まだ知られていない長期的な影響を受ける可能性がある」
 https://t.co/HalG0x2hz4 https://t.co/EVC7hZ3Oih",1529709240020967424,ksawatan,['http://www.rui.jp/ruinet.html?i=200&c=400&m=370233&g=131203'],http://www.rui.jp/ruinet.html?i=200&c=400&m=370233&g=131203,['https://t.co/HalG0x2hz4'],https://t.co/HalG0x2hz4
72,https://twitter.com/kirigakuregold/status/1529709230122745856,2022-05-26 06:21:15+00:00,【新型コロナ】岸田首相“来月から外国人観光客受け入れ再開”26日にも発表の方向で調整  5月26日ニュースまとめ  日テレNEWS https://t.co/K9J7Pl6kda @YouTubeより,1529709230122745856,kirigakuregold,['https://youtu.be/Uj-YMkRepc0'],https://youtu.be/Uj-YMkRepc0,['https://t.co/K9J7Pl6kda'],https://t.co/K9J7Pl6kda
73,https://twitter.com/nikomoms/status/1529709222623068160,2022-05-26 06:21:13+00:00,"👠綺麗なお姉さんとヤリまくれるぞ👍🏻

新型コロナより、若い子の間で流行ってるぞ🎵

🔽📲ダウンロードだけで会える🔽
https://t.co/xtnItuJHvA

色々📊検証して、確実に会える👫🏻

ま、信じる、信じないのは自由だが💨

【勝ち組🏆】になりたいなら一回試せばわかる☝🏼",1529709222623068160,nikomoms,['http://nfssffs.xyz/zBOK0H'],http://nfssffs.xyz/zBOK0H,['https://t.co/xtnItuJHvA'],https://t.co/xtnItuJHvA
74,https://twitter.com/5hanmog/status/1529709221465378816,2022-05-26 06:21:13+00:00,コロナ前はマスク付けてる女とか素人ハメ撮り動画くらいでしか見なかったから、いま街でマスク付けてる女見ると「ハメ撮りしてそうだな〜」って思っちゃう,1529709221465378816,5hanmog,[],,[],
75,https://twitter.com/B44vaIRNxRmYIpC/status/1529709217372065793,2022-05-26 06:21:12+00:00,"(*の▽の*){越後一宮 彌彦神社にて
450円プラス絵馬代で壮大な願い事

世界恒久平和
#片桐奈保美 新潟県知事誕生
核廃絶
コロナ収束

∑😳
「廃絶」書き間違えた💦
ウクライナに平和と日常を🙇

#選挙に行こう #選挙へ行こう 
#新潟県知事選挙 #新潟県知事選 
#片桐なおみ Twitter→@NaomiKatagiri https://t.co/Vb6wbCMjQz",1529709217372065793,B44vaIRNxRmYIpC,[],,[],
76,https://twitter.com/ha06kk/status/1529709214075330560,2022-05-26 06:21:11+00:00,"来月はテレワーク2回しかできなくて虚無…
リーダーが、コロナが落ち着いてるからそんなテレワークしなくていいだろって方針で😭",1529709214075330560,ha06kk,[],,[],
77,https://twitter.com/iCkDHuOe9UfS0hW/status/1529709204885446656,2022-05-26 06:21:09+00:00,2021年08月31日 08時23分時点のコロナ陽性情報まとめてみた https://t.co/ZWoMW3HeaL,1529709204885446656,iCkDHuOe9UfS0hW,['https://lodogran.pya.jp/anga/?p=107658'],https://lodogran.pya.jp/anga/?p=107658,['https://t.co/ZWoMW3HeaL'],https://t.co/ZWoMW3HeaL
78,https://twitter.com/iCkDHuOe9UfS0hW/status/1529709204751138816,2022-05-26 06:21:09+00:00,2021年08月31日 09時26分時点のコロナ陽性情報まとめてみた https://t.co/WdTe6qIluN,1529709204751138816,iCkDHuOe9UfS0hW,['https://lodogran.pya.jp/anga/?p=107657'],https://lodogran.pya.jp/anga/?p=107657,['https://t.co/WdTe6qIluN'],https://t.co/WdTe6qIluN
79,https://twitter.com/iCkDHuOe9UfS0hW/status/1529709203346051073,2022-05-26 06:21:09+00:00,2021年08月31日 11時22分時点のコロナ陽性情報まとめてみた https://t.co/YgAG0a70wQ,1529709203346051073,iCkDHuOe9UfS0hW,['https://lodogran.pya.jp/anga/?p=107655'],https://lodogran.pya.jp/anga/?p=107655,['https://t.co/YgAG0a70wQ'],https://t.co/YgAG0a70wQ
80,https://twitter.com/iCkDHuOe9UfS0hW/status/1529709203262255104,2022-05-26 06:21:09+00:00,2021年08月31日 10時19分時点のコロナ陽性情報まとめてみた https://t.co/Ht8Kmy8k96,1529709203262255104,iCkDHuOe9UfS0hW,['https://lodogran.pya.jp/anga/?p=107656'],https://lodogran.pya.jp/anga/?p=107656,['https://t.co/Ht8Kmy8k96'],https://t.co/Ht8Kmy8k96
81,https://twitter.com/shionyoi/status/1529709196429885440,2022-05-26 06:21:07+00:00,"@hutari_de_gohan ありがとうございます。そうなんです、コロナで先月まで面会はできないことになっていたので、今回会えて本当によかったです。伯母は思ったより元気で話もはずみました。母も心残りがなくなったようだし、私も長く会っていなかったので同行してよかったです☺️
とてもいい旅になりました✨",1529709196429885440,shionyoi,[],,[],
82,https://twitter.com/TOS_hodo/status/1529709192050790401,2022-05-26 06:21:06+00:00,"【【速報】新型コロナ３２５人感染　４日連続前週同曜日下回る　大分】 
＃大分
https://t.co/8oFzAW6DYs",1529709192050790401,TOS_hodo,['https://tosonline.jp/news/20220526/00000006.html'],https://tosonline.jp/news/20220526/00000006.html,['https://t.co/8oFzAW6DYs'],https://t.co/8oFzAW6DYs
83,https://twitter.com/SupplierK/status/1529709191614668800,2022-05-26 06:21:06+00:00,コロナ禍になってから一切無かった投資マンションの営業が掛かってくるようになった。景気良くなってきてるのかな🙂なんで番号知ってるか聞いたら僕は超大手企業で活躍してるらしい。,1529709191614668800,SupplierK,[],,[],
84,https://twitter.com/FROGGYER_KUN/status/1529709191031468032,2022-05-26 06:21:06+00:00,"厚労省の佐原健康局長
「新型コロナの感染状況の集計におきまして、従来、#ワクチンの接種歴が未記入の方につきましては厚生労働省は未接種に計上 しまして、一方で国立感染症研究所は接種歴不明に計上…」
 https://t.co/CqdD8vQ1kS

厚労省独自のデータ分類により、未💉が不利なデータとなっていた🙈",1529709191031468032,FROGGYER_KUN,['https://sinsd.com/post-12312'],https://sinsd.com/post-12312,['https://t.co/CqdD8vQ1kS'],https://t.co/CqdD8vQ1kS
85,https://twitter.com/CSpotanskiUSMC/status/1529709189601587200,2022-05-26 06:21:06+00:00,"やっぱりウーバーイーツ最強ですね。コロナのリスク回避しつつ、家でボケーっと涼みながら注文できる。しかも1500円以上の注文が1800円引きだから初回のみただ同然。

是非クーポン使ってみて。

[eats-ckvsvberue]
15:21",1529709189601587200,CSpotanskiUSMC,[],,[],
86,https://twitter.com/m_right1068/status/1529709188137754624,2022-05-26 06:21:05+00:00,また保育園でコロナ〜…_(:3｣∠)_,1529709188137754624,m_right1068,[],,[],
87,https://twitter.com/6bqSxalwHmgjkLf/status/1529709187345035264,2022-05-26 06:21:05+00:00,いわき市の人口減少が著しいので、数年以内に郡山が福島県で最も人口の多い都市になりそう。#福島　#郡山　#いわき　#コロナ　#人口減少　#AI,1529709187345035264,6bqSxalwHmgjkLf,[],,[],
88,https://twitter.com/g4Bpl1AsevtGpr7/status/1529709182316085248,2022-05-26 06:21:04+00:00,"結婚したいのにできなかった36歳男性が「運命の相手」をスピード婚できたワケ

先日、北海道と鹿児島の遠距離恋愛が実り、無事結婚まで進みました。

コロナ禍になり、たくさんの方が一人で生きている事に寂しさを感じたり

女性も男性も理想の高さに自分自身が苦しむ

「アイスブレイク」の重要性 https://t.co/wwXM9BUvoo",1529709182316085248,g4Bpl1AsevtGpr7,[],,[],
89,https://twitter.com/baraki7456/status/1529709173226631168,2022-05-26 06:21:02+00:00,"コロナの前は年一でスタッフ皆と仕事放置して海外旅行行ってました。

年に一度だけと決めているので、その時くらいは皆に日ごろのストレスも忘れて

思いっきり遊んで欲しいからです。

たまにはそういう息抜き絶対大事です。

お金の苦労はかけませんが、

仕事は一緒に頑張ろうね。",1529709173226631168,baraki7456,[],,[],
90,https://twitter.com/mgk03276370/status/1529709171129450497,2022-05-26 06:21:01+00:00,"さいたま市民の皆様
去年11/18~24にコロナワクチン2回目を接種した方の3回目接種券がそろそろ届く頃でしょうか。

18歳以上で、2回目の副反応がきつかったという方は、ノババックスという選択肢もあります。
会場 旧市民会館うらわ
日程  6/3~5

年齢以外の縛りはありません。
まだ余裕あり。 https://t.co/KOSgkuYQid",1529709171129450497,mgk03276370,['https://twitter.com/mgk03276370/status/1529050985959596033'],https://twitter.com/mgk03276370/status/1529050985959596033,['https://t.co/KOSgkuYQid'],https://t.co/KOSgkuYQid
91,https://twitter.com/Shintyan_0104/status/1529709163823222784,2022-05-26 06:20:59+00:00,"めちゃ話せたーーーー！いろいろ知れたし楽しかっっっつぁ！！！
一つ上らしい！！！
コロナ陰性だったしよかった！！",1529709163823222784,Shintyan_0104,[],,[],
92,https://twitter.com/isesi/status/1529709162225369088,2022-05-26 06:20:59+00:00,"ワクチンは重症化を防ぐという大ウソ！

東京のコロナ死亡者数データを分析して判った「ワクチンの衝撃事実」
 https://t.co/M7qjTEmibF https://t.co/zdDdMrZ8hT",1529709162225369088,isesi,['https://rui.jp/ruinet.html?i=200&c=400&m=374705&g=220112'],https://rui.jp/ruinet.html?i=200&c=400&m=374705&g=220112,['https://t.co/M7qjTEmibF'],https://t.co/M7qjTEmibF
93,https://twitter.com/Lashay43708419/status/1529709159293263872,2022-05-26 06:20:58+00:00,"💥2022年05月iHerb最新コード💥
⏩DJY9122⏪入力でアイハーブ割引が適用されます。

上記コードで【誰でも５％割引】
初回利用なら【５ドル割引】

更にiHarbセールやプロモーションでお得に☆

コロナ対策、tYv3Plu高濃度ビタミンC、免疫力サプリやコスメ、プロテイン購入等全商品おすすめ✌tYv3Plu",1529709159293263872,Lashay43708419,[],,[],
94,https://twitter.com/AwNFADHCWiyRxvV/status/1529709158345625600,2022-05-26 06:20:58+00:00,"@Narodovlastiye 今の職場で逆パターンを初めて体験

一年目の社員で
仕事出来なぃ、派遣は道具、責任感ゼロ、同僚・上司に迷惑掛けても有給で月一は3連休要求
で言う事が「権利‼️権利‼️」
誰も納得出来ず怒り爆発
流石に本社まで動ぃてきた

コロナ感染2回
理由　同棲中の彼女が感染

因みに家賃は会社持ち",1529709158345625600,AwNFADHCWiyRxvV,[],,[],
95,https://twitter.com/atsuki_pk/status/1529709157355765760,2022-05-26 06:20:58+00:00,"弟が無症状でコロナらしい。
職場も体調不良のお休み増えてきたし、また波が来るのかねぇ…",1529709157355765760,atsuki_pk,[],,[],
96,https://twitter.com/toletee15/status/1529709155577040896,2022-05-26 06:20:57+00:00,"漢方外来の先生に腹を診察された時に
「ボリュームはあるが張りはなく柔らかい」

と診断されてショックだった😂

別にボリュームあることは言わんでいい。",1529709155577040896,toletee15,[],,[],
97,https://twitter.com/toyo_joho_hoshi/status/1529709153890865152,2022-05-26 06:20:57+00:00,"市内での新型コロナウイルス感染者の発生について/豊橋市

５月２７日　　９６件新規判明

５月２０日　１１３件

５月１３日　１２２件

５月　６日　　２１件

４月２９日　　４５件",1529709153890865152,toyo_joho_hoshi,[],,[],
98,https://twitter.com/tokuharu_87/status/1529709148253827072,2022-05-26 06:20:56+00:00,"【これがホントの緊急事態宣言】
5Gは「コロナのスイッチ」。
 https://t.co/A0CvQ0d3AH 

ついにマスコミがタブーに触れた！
 https://t.co/x5CaHZv3fx",1529709148253827072,tokuharu_87,['http://blog.nihon-syakai.net/blog/2019/04/8788.html?g=131207'],http://blog.nihon-syakai.net/blog/2019/04/8788.html?g=131207,['https://t.co/A0CvQ0d3AH'],https://t.co/A0CvQ0d3AH
99,https://twitter.com/moguo_s/status/1529709142780219392,2022-05-26 06:20:54+00:00,ついに職場でもコロナが出てしまった😱上司の息子が学校で貰ってきたみたいなので今の所、店の休業はしないようだが…どよん,1529709142780219392,moguo_s,[],,[],
